{
"lengthUnit": "mil",
"components": {
	"fields": ["COMPONENT_NO", "COMPONENT_NAME", "LAYER", "X_COORDINATE", "Y_COORDINATE", "ANGLE"],
	"rows": [
		[1, "C1", "T", 750, 3035, 270],
		[2, "C2", "T", 540, 3035, 270],
		[3, "H1", "T", 345, 2885, 270],
		[4, "H2", "T", 945, 2885, 270],
		[5, "H3", "T", 645, 2585, 0],
		[6, "R1", "T", 750, 3220, 90],
		[7, "R2", "T", 705, 3220, 90],
		[8, "R3", "T", 660, 3220, 90],
		[9, "R4", "T", 615, 3220, 90],
		[10, "R5", "T", 570, 3220, 90],
		[11, "U1", "T", 645, 2795, 315],
		[12, "U2", "T", 645, 3055, 270],
		[13, "USB1", "T", 645, 3390, 180]
	]
},
"pins": {
	"fields": ["PIN_NO", "PIN_NAME", "PIN_X", "PIN_Y", "LAYER", "PIN_TYPE", "NET_NAME", "NET_TYPE", "PAD_SHAPE", "PAD_SIZEX", "PAD_SIZEY", "HOLE_SIZE", "PAD_ANGLE"],
	"rows": [
		[1, "C1_1", 750, 3062.56, "T", "SMD", "GND", "GND", "R", 31.5, 35.43, 0, 270],
		[2, "C1_2", 750, 3007.44, "T", "SMD", "+3V3", "", "R", 31.5, 35.43, 0, 270],
		[3, "C2_1", 540, 3062.56, "T", "SMD", "GND", "GND", "R", 31.5, 35.43, 0, 270],
		[4, "C2_2", 540, 3007.44, "T", "SMD", "+5V", "", "R", 31.5, 35.43, 0, 270],
		[5, "H1_1", 345, 3485, "T", "DIP", "PD7", "", "R", 100, 70.87, 35.2, 0],
		[6, "H1_1", 345, 3485, "B", "DIP", "PD7", "", "R", 100, 70.87, 35.2, 0],
		[7, "H1_2", 345, 3385, "T", "DIP", "PA1", "", "O", 100, 70.87, 35.2, 0],
		[8, "H1_2", 345, 3385, "B", "DIP", "PA1", "", "O", 100, 70.87, 35.2, 0],
		[9, "H1_3", 345, 3285, "T", "DIP", "PA2", "", "O", 100, 70.87, 35.2, 0],
		[10, "H1_3", 345, 3285, "B", "DIP", "PA2", "", "O", 100, 70.87, 35.2, 0],
		[11, "H1_4", 345, 3185, "T", "DIP", "GND", "GND", "O", 100, 70.87, 35.2, 0],
		[12, "H1_4", 345, 3185, "B", "DIP", "GND", "GND", "O", 100, 70.87, 35.2, 0],
		[13, "H1_5", 345, 3085, "T", "DIP", "PD0", "", "O", 100, 70.87, 35.2, 0],
		[14, "H1_5", 345, 3085, "B", "DIP", "PD0", "", "O", 100, 70.87, 35.2, 0],
		[15, "H1_6", 345, 2985, "T", "DIP", "+3V3", "", "O", 100, 70.87, 35.2, 0],
		[16, "H1_6", 345, 2985, "B", "DIP", "+3V3", "", "O", 100, 70.87, 35.2, 0],
		[17, "H1_7", 345, 2885, "T", "DIP", "PC0", "", "O", 100, 70.87, 35.2, 0],
		[18, "H1_7", 345, 2885, "B", "DIP", "PC0", "", "O", 100, 70.87, 35.2, 0],
		[19, "H1_8", 345, 2785, "T", "DIP", "PC1", "", "O", 100, 70.87, 35.2, 0],
		[20, "H1_8", 345, 2785, "B", "DIP", "PC1", "", "O", 100, 70.87, 35.2, 0],
		[21, "H1_9", 345, 2685, "T", "DIP", "PC2", "", "O", 100, 70.87, 35.2, 0],
		[22, "H1_9", 345, 2685, "B", "DIP", "PC2", "", "O", 100, 70.87, 35.2, 0],
		[23, "H1_10", 345, 2585, "T", "DIP", "PC3", "", "O", 100, 70.87, 35.2, 0],
		[24, "H1_10", 345, 2585, "B", "DIP", "PC3", "", "O", 100, 70.87, 35.2, 0],
		[25, "H2_1", 945, 3485, "T", "DIP", "PD6", "", "R", 100, 70.87, 35.2, 0],
		[26, "H2_1", 945, 3485, "B", "DIP", "PD6", "", "R", 100, 70.87, 35.2, 0],
		[27, "H2_2", 945, 3385, "T", "DIP", "DPU", "", "O", 100, 70.87, 35.2, 0],
		[28, "H2_2", 945, 3385, "B", "DIP", "DPU", "", "O", 100, 70.87, 35.2, 0],
		[29, "H2_3", 945, 3285, "T", "DIP", "UDM", "", "O", 100, 70.87, 35.2, 0],
		[30, "H2_3", 945, 3285, "B", "DIP", "UDM", "", "O", 100, 70.87, 35.2, 0],
		[31, "H2_4", 945, 3185, "T", "DIP", "UDP", "", "O", 100, 70.87, 35.2, 0],
		[32, "H2_4", 945, 3185, "B", "DIP", "UDP", "", "O", 100, 70.87, 35.2, 0],
		[33, "H2_5", 945, 3085, "T", "DIP", "PD2", "", "O", 100, 70.87, 35.2, 0],
		[34, "H2_5", 945, 3085, "B", "DIP", "PD2", "", "O", 100, 70.87, 35.2, 0],
		[35, "H2_6", 945, 2985, "T", "DIP", "DIO", "", "O", 100, 70.87, 35.2, 0],
		[36, "H2_6", 945, 2985, "B", "DIP", "DIO", "", "O", 100, 70.87, 35.2, 0],
		[37, "H2_7", 945, 2885, "T", "DIP", "PC7", "", "O", 100, 70.87, 35.2, 0],
		[38, "H2_7", 945, 2885, "B", "DIP", "PC7", "", "O", 100, 70.87, 35.2, 0],
		[39, "H2_8", 945, 2785, "T", "DIP", "PC6", "", "O", 100, 70.87, 35.2, 0],
		[40, "H2_8", 945, 2785, "B", "DIP", "PC6", "", "O", 100, 70.87, 35.2, 0],
		[41, "H2_9", 945, 2685, "T", "DIP", "PC5", "", "O", 100, 70.87, 35.2, 0],
		[42, "H2_9", 945, 2685, "B", "DIP", "PC5", "", "O", 100, 70.87, 35.2, 0],
		[43, "H2_10", 945, 2585, "T", "DIP", "PC4", "", "O", 100, 70.87, 35.2, 0],
		[44, "H2_10", 945, 2585, "B", "DIP", "PC4", "", "O", 100, 70.87, 35.2, 0],
		[45, "H3_1", 545, 2585, "T", "DIP", "+3V3", "", "R", 62, 70.87, 47.24, 0],
		[46, "H3_1", 545, 2585, "B", "DIP", "+3V3", "", "R", 62, 70.87, 47.24, 0],
		[47, "H3_2", 645, 2585, "T", "DIP", "GND", "GND", "C", 70.87, 70.87, 47.24, 0],
		[48, "H3_2", 645, 2585, "B", "DIP", "GND", "GND", "C", 70.87, 70.87, 47.24, 0],
		[49, "H3_3", 745, 2585, "T", "DIP", "DIO", "", "C", 70.87, 70.87, 47.24, 0],
		[50, "H3_3", 745, 2585, "B", "DIP", "DIO", "", "C", 70.87, 70.87, 47.24, 0],
		[51, "R1_1", 750, 3202.96, "T", "SMD", "DPU", "", "R", 22.27, 21.26, 0, 90],
		[52, "R1_2", 750, 3237.04, "T", "SMD", "UDM", "", "R", 22.27, 21.26, 0, 90],
		[53, "R2_1", 705, 3202.96, "T", "SMD", "GND", "GND", "R", 22.27, 21.26, 0, 90],
		[54, "R2_2", 705, 3237.04, "T", "SMD", "$1N1999", "", "R", 22.27, 21.26, 0, 90],
		[55, "R3_1", 660, 3202.96, "T", "SMD", "UDP", "", "R", 22.27, 21.26, 0, 90],
		[56, "R3_2", 660, 3237.04, "T", "SMD", "$1N2259", "", "R", 22.27, 21.26, 0, 90],
		[57, "R4_1", 615, 3202.96, "T", "SMD", "UDM", "", "R", 22.27, 21.26, 0, 90],
		[58, "R4_2", 615, 3237.04, "T", "SMD", "$1N2270", "", "R", 22.27, 21.26, 0, 90],
		[59, "R5_1", 570, 3202.96, "T", "SMD", "GND", "GND", "R", 22.27, 21.26, 0, 90],
		[60, "R5_2", 570, 3237.04, "T", "SMD", "$1N2038", "", "R", 22.27, 21.26, 0, 90],
		[61, "U1_1", 625.52, 2859.04, "T", "SMD", "PD7", "", "R", 23.62, 7.87, 0, 315],
		[62, "U1_2", 614.38, 2847.9, "T", "SMD", "PA1", "", "R", 23.62, 7.87, 0, 315],
		[63, "U1_3", 603.25, 2836.77, "T", "SMD", "PA2", "", "R", 23.62, 7.87, 0, 315],
		[64, "U1_4", 592.11, 2825.63, "T", "SMD", "GND", "GND", "R", 23.62, 7.87, 0, 315],
		[65, "U1_5", 580.97, 2814.49, "T", "SMD", "PD0", "", "R", 23.62, 7.87, 0, 315],
		[66, "U1_6", 580.97, 2775.52, "T", "SMD", "+3V3", "", "R", 7.87, 23.62, 0, 315],
		[67, "U1_7", 592.1, 2764.39, "T", "SMD", "PC0", "", "R", 7.87, 23.62, 0, 315],
		[68, "U1_8", 603.24, 2753.25, "T", "SMD", "PC1", "", "R", 7.87, 23.62, 0, 315],
		[69, "U1_9", 614.37, 2742.12, "T", "SMD", "PC2", "", "R", 7.87, 23.62, 0, 315],
		[70, "U1_10", 625.51, 2730.98, "T", "SMD", "PC3", "", "R", 7.87, 23.62, 0, 315],
		[71, "U1_11", 664.49, 2730.98, "T", "SMD", "PC4", "", "R", 23.62, 7.87, 0, 315],
		[72, "U1_12", 675.63, 2742.11, "T", "SMD", "PC5", "", "R", 23.62, 7.87, 0, 315],
		[73, "U1_13", 686.76, 2753.25, "T", "SMD", "PC6", "", "R", 23.62, 7.87, 0, 315],
		[74, "U1_14", 697.9, 2764.39, "T", "SMD", "PC7", "", "R", 23.62, 7.87, 0, 315],
		[75, "U1_15", 709.04, 2775.52, "T", "SMD", "DIO", "", "R", 23.62, 7.87, 0, 315],
		[76, "U1_16", 709.03, 2814.49, "T", "SMD", "PD2", "", "R", 7.87, 23.62, 0, 315],
		[77, "U1_17", 697.89, 2825.63, "T", "SMD", "UDP", "", "R", 7.87, 23.62, 0, 315],
		[78, "U1_18", 686.76, 2836.76, "T", "SMD", "UDM", "", "R", 7.87, 23.62, 0, 315],
		[79, "U1_19", 675.63, 2847.9, "T", "SMD", "DPU", "", "R", 7.87, 23.62, 0, 315],
		[80, "U1_20", 664.49, 2859.03, "T", "SMD", "PD6", "", "R", 7.87, 23.62, 0, 315],
		[81, "U1_21", 645, 2795.01, "T", "SMD", "GND", "GND", "R", 66.93, 66.93, 0, 135],
		[82, "U2_1", 607.6, 3006.38, "T", "SMD", "GND", "GND", "R", 42.13, 23.62, 0, 270],
		[83, "U2_2", 682.4, 3006.38, "T", "SMD", "+3V3", "", "R", 42.13, 23.62, 0, 270],
		[84, "U2_3", 645, 3103.63, "T", "SMD", "+5V", "", "R", 42.13, 23.62, 0, 270],
		[85, "USB1_1", 815.08, 3319.92, "T", "DIP", "USB1_1", "", "O", 39.37, 82.68, 66.93, 180],
		[86, "USB1_1", 815.08, 3319.92, "B", "DIP", "USB1_1", "", "O", 39.37, 82.68, 66.93, 180],
		[87, "USB1_2", 474.92, 3319.92, "T", "DIP", "USB1_2", "", "O", 39.37, 82.68, 66.93, 180],
		[88, "USB1_2", 474.92, 3319.92, "B", "DIP", "USB1_2", "", "O", 39.37, 82.68, 66.93, 180],
		[89, "USB1_3", 474.92, 3484.49, "T", "DIP", "USB1_3", "", "O", 39.37, 70.87, 55.12, 180],
		[90, "USB1_3", 474.92, 3484.49, "B", "DIP", "USB1_3", "", "O", 39.37, 70.87, 55.12, 180],
		[91, "USB1_4", 815.08, 3484.49, "T", "DIP", "USB1_4", "", "O", 39.37, 70.87, 55.12, 180],
		[92, "USB1_4", 815.08, 3484.49, "B", "DIP", "USB1_4", "", "O", 39.37, 70.87, 55.12, 180],
		[93, "USB1_A1B12", 770.98, 3295.51, "T", "SMD", "GND", "GND", "R", 23.62, 48.82, 0, 180],
		[94, "USB1_A4B9", 739.49, 3295.51, "T", "SMD", "+5V", "", "R", 23.62, 48.82, 0, 180],
		[95, "USB1_A5", 694.21, 3295.51, "T", "SMD", "$1N1999", "", "R", 11.81, 48.82, 0, 180],
		[96, "USB1_A6", 654.84, 3295.51, "T", "SMD", "$1N2259", "", "R", 11.81, 48.82, 0, 180],
		[97, "USB1_A7", 635.16, 3295.51, "T", "SMD", "$1N2270", "", "R", 11.81, 48.82, 0, 180],
		[98, "USB1_A8", 595.79, 3295.51, "T", "SMD", "USB1_A8", "", "R", 11.81, 48.82, 0, 180],
		[99, "USB1_B1A12", 519.02, 3295.51, "T", "SMD", "GND", "GND", "R", 23.62, 48.82, 0, 180],
		[100, "USB1_B4A9", 550.51, 3295.51, "T", "SMD", "+5V", "", "R", 23.62, 48.82, 0, 180],
		[101, "USB1_B5", 576.1, 3295.51, "T", "SMD", "$1N2038", "", "R", 11.81, 48.82, 0, 180],
		[102, "USB1_B6", 615.47, 3295.51, "T", "SMD", "$1N2259", "", "R", 11.81, 48.82, 0, 180],
		[103, "USB1_B7", 674.53, 3295.51, "T", "SMD", "$1N2270", "", "R", 11.81, 48.82, 0, 180],
		[104, "USB1_B8", 713.9, 3295.51, "T", "SMD", "USB1_B8", "", "R", 11.81, 48.82, 0, 180]
	]
}
}